RESULTS,final
> 30% %CD279+ CD223+ (of CAR-Tcyto),> 30% CD279+/CD223+ (PD-1+/LAG-3+) expression on Cytotoxic cells for CAR-
> 30% %CD279+ CD223+ (of CAR-Thelper),> 30% CD279+/CD223+ (PD-1+/LAG-3+) expression on Helper cells for CAR-
> 30% %CD279+ CD223+ (of CAR+Tcyto),> 30% CD279+/CD223+ (PD-1+/LAG-3+) expression on Cytotoxic cells for CAR+
> 30% %CD279+ CD223+ (of CAR+Thelper),> 30% CD279+/CD223+ (PD-1+/LAG-3+) expression on Helper cells for CAR+
> 30% %CD279+ CD366+ (of CAR-Tcyto),> 30% CD279+/CD366+ (PD-1+/TIM-3+) expression on Cytotoxic cells for CAR-
> 30% %CD279+ CD366+ (of CAR-Thelper),> 30% CD279+/CD366+ (PD-1+/TIM-3+) expression on Helper cells for CAR-
> 30% %CD279+ CD366+ (of CAR+Tcyto),> 30% CD279+/CD366+ (PD-1+/TIM-3+) expression on Cytotoxic cells for CAR+
> 30% %CD279+ CD366+ (of CAR+Thelper),> 30% CD279+/CD366+ (PD-1+/TIM-3+) expression on Helper cells for CAR+
> 50% CD279+ (of CAR- Tcyto),> 50% CD279(PD-1) expression on Cytotoxic cells for CAR-
> 50% CD279+ (of CAR- Thelper),> 50% CD279(PD-1) expression on Helper cells for CAR-
> 50% CD279+ (of CAR+ Tcyto),> 50% CD279(PD-1) expression on Cytotoxic cells for CAR+
> 50% CD279+ (of CAR+ Thelper),> 50% CD279(PD-1) expression on Helper cells for CAR+
< 30% %CD279+ CD223+ (of CAR-Tcyto),< 30% CD279+/CD223+ (PD-1+/LAG-3+) expression on Cytotoxic cells for CAR-
< 30% %CD279+ CD223+ (of CAR-Thelper),< 30% CD279+/CD223+ (PD-1+/LAG-3+) expression on Helper cells for CAR-
< 30% %CD279+ CD223+ (of CAR+Tcyto),< 30% CD279+/CD223+ (PD-1+/LAG-3+) expression on Cytotoxic cells for CAR+
< 30% %CD279+ CD223+ (of CAR+Thelper),< 30% CD279+/CD223+ (PD-1+/LAG-3+) expression on Helper cells for CAR+
< 30% %CD279+ CD366+ (of CAR-Tcyto),< 30% CD279+/CD366+ (PD-1+/TIM-3+) expression on Cytotoxic cells for CAR-
< 30% %CD279+ CD366+ (of CAR-Thelper),< 30% CD279+/CD366+ (PD-1+/TIM-3+) expression on Helper cells for CAR-
< 30% %CD279+ CD366+ (of CAR+Tcyto),< 30% CD279+/CD366+ (PD-1+/TIM-3+) expression on Cytotoxic cells for CAR+
< 30% %CD279+ CD366+ (of CAR+Thelper),< 30% CD279+/CD366+ (PD-1+/TIM-3+) expression on Helper cells for CAR+
< 50% CD279+ (of CAR- Tcyto),< 50% CD279(PD-1) expression on Cytotoxic cells for CAR-
< 50% CD279+ (of CAR- Thelper),< 50% CD279(PD-1) expression on Helper cells for CAR-
< 50% CD279+ (of CAR+ Tcyto),< 50% CD279(PD-1) expression on Cytotoxic cells for CAR+
< 50% CD279+ (of CAR+ Thelper),< 50% CD279(PD-1) expression on Helper cells for CAR+
"< 20% CD27+ | CD28+ (of CAR+, Tcyto)",<20% early differentiated cells(CD27+CD28+) on Cytotoxic cells for CAR+
"> 50% CD27- | CD28- (of CAR+, Tcyto)",>50% senescent by loss of CD27/CD28 co-expression(CD27-CD28-) on Cytotoxic cells for CAR+
"> 30% KLRG-1+ (of CAR+, Tcyto)",>30% senescent by expression of KLRG-1 on Cytotoxic cells for CAR+
"< 20% CD27+ | CD28+ (of CAR+, Thelper)",<20% early differentiated cells(CD27+CD28+) on Helper cells for CAR+
"< 20% CD27+ | CD28+ (of CAR-, Tcyto)",<20% early differentiated cells(CD27+CD28+) on Cytotoxic cells for CAR-
"> 50% CD27- | CD28- (of CAR-, Tcyto)",>50% senescent by loss of CD27/CD28 co-expression(CD27-CD28-) on Cytotoxic cells for CAR-
"> 30% KLRG-1+ (of CAR-, Tcyto)",>30% senescent by expression of KLRG-1 on Cytotoxic cells for CAR-
"> 50% CD27- | CD28- (of CAR+, Thelper)",>50% senescent by loss of CD27/CD28 co-expression(CD27-CD28-) on Helper cells for CAR+
"< 20% CD27+ | CD28+ (of CAR-, Thelper)",<20% early differentiated cells(CD27+CD28+) on Helper cells for CAR-
"> 50% CD27- | CD28- (of CAR-, Thelper)",>50% senescent by loss of CD27/CD28 co-expression(CD27-CD28-) on Helper cells for CAR-
"> 30% KLRG-1+ (of CAR+, Thelper)",>30% senescent by expression of KLRG-1 on Helper cells for CAR+
"> 30% KLRG-1+ (of CAR-, Thelper)",>30% senescent by expression of KLRG-1 on Helper cells for CAR-
< 20% %CD25+ (of CAR+ Tcyto),<20% CD25 for Cytotoxic cells for CAR+
< 20% %HLA-DR+ (of CAR+Tcyto),<20% HLA-DR expression for Cytotoxic cells for CAR+
< 20% HLA-DR+ | CD38+ (of CAR+ Tcyto),<20% HLA-DR+/CD38+ of Cytotoxic cells for CAR+
< 20% HLA-DR+ | CD25+ (of CAR+ Tcyto),<20% HLA-DR+/CD25+ of Cytotoxic cells for CAR+
< 20% %CD25+ (of CAR+ Thelper),<20% CD25 for Helper cells for CAR+
< 20% %HLA-DR+ (of CAR+Thelper),<20% HLA-DR expression for Helper cells for CAR+
< 20% HLA-DR+ | CD38+ (of CAR+ Thelper),<20% HLA-DR+/CD38+ of Helper cells for CAR+
< 20% HLA-DR+ | CD25+ (of CAR+ Thelper),<20% HLA-DR+/CD25+ of Helper cells for CAR+
< 20% %CD25+ (of CAR- Tcyto),<20% CD25 for Cytotoxic cells for CAR-
< 20% %HLA-DR+ (of CAR-Tcyto),<20% HLA-DR expression for Cytotoxic cells for CAR-
< 20% HLA-DR+ | CD38+ (of CAR- Tcyto),<20% HLA-DR+/CD38+ of Cytotoxic cells for CAR-
< 20% HLA-DR+ | CD25+ (of CAR- Tcyto),<20% HLA-DR+/CD25+ of Cytotoxic cells for CAR-
< 20% %CD25+ (of CAR- Thelper),<20% CD25 for Helper cells for CAR-
< 20% %HLA-DR+ (of CAR-Thelper),<20% HLA-DR expression for Helper cells for CAR-
< 20% HLA-DR+ | CD38+ (of CAR- Thelper),<20% HLA-DR+/CD38+ of Helper cells for CAR-
< 20% HLA-DR+ | CD25+ (of CAR- Thelper),<20% HLA-DR+/CD25+ of Helper cells for CAR-
> 20% %HLA-DR+ (of CAR+Tcyto),>20% HLA-DR expression for Cytotoxic cells for CAR+
> 20% HLA-DR+ | CD38+ (of CAR+ Tcyto),>20% HLA-DR+/CD38+ of Cytotoxic cells for CAR+
> 20% HLA-DR+ | CD25+ (of CAR+ Tcyto),>20% HLA-DR+/CD25+ of Cytotoxic cells for CAR+
> 20% %CD25+ (of CAR+ Thelper),>20% CD25 for Helper cells for CAR+
> 20% %HLA-DR+ (of CAR+Thelper),>20% HLA-DR expression for Helper cells for CAR+
> 20% HLA-DR+ | CD38+ (of CAR+ Thelper),>20% HLA-DR+/CD38+ of Helper cells for CAR+
> 20% HLA-DR+ | CD25+ (of CAR+ Thelper),>20% HLA-DR+/CD25+ of Helper cells for CAR+
> 20% %CD25+ (of CAR- Tcyto),>20% CD25 for Cytotoxic cells for CAR-
> 20% %HLA-DR+ (of CAR-Tcyto),>20% HLA-DR expression for Cytotoxic cells for CAR-
> 20% HLA-DR+ | CD38+ (of CAR- Tcyto),>20% HLA-DR+/CD38+ of Cytotoxic cells for CAR-
> 20% HLA-DR+ | CD25+ (of CAR- Tcyto),>20% HLA-DR+/CD25+ of Cytotoxic cells for CAR-
> 20% %CD25+ (of CAR- Thelper),>20% CD25 for Helper cells for CAR-
> 20% %HLA-DR+ (of CAR-Thelper),>20% HLA-DR expression for Helper cells for CAR-
> 20% HLA-DR+ | CD38+ (of CAR- Thelper),>20% HLA-DR+/CD38+ of Helper cells for CAR-
> 20% HLA-DR+ | CD25+ (of CAR- Thelper),>20% HLA-DR+/CD25+ of Helper cells for CAR-
> 10% %Tregs (of CAR- Thelper),> 10% %Treg Expression
> 20% %CD25+ (of CAR-Thelper),> 20% %CD25+ of Helper cells for CAR-
> 20% HLA-DR+ | CD25+ (of CAR- Thelper),> 20% HLA-DR+| CD25+ of Helper cells for CAR-
> 20% HLA-DR+ | CD38+ (of CAR- Thelper),> 20% HLA-DR+| CD38+ of Helper cells for CAR-
< 30% %CD279+ CD244+ (of CAR-Tcyto),< 30% CD279+/CD244+ (PD-1+/2B4+) expression on Cytotoxic cells for CAR-
< 30% %CD279+ CD244+ (of CAR-Thelper),< 30% CD279+/CD244+ (PD-1+/2B4+) expression on Helper cells for CAR-
< 30% %CD279+ CD244+ (of CAR+Tcyto),< 30% CD279+/CD244+ (PD-1+/2B4+) expression on Cytotoxic cells for CAR+
< 30% %CD279+ CD244+ (of CAR+Thelper),< 30% CD279+/CD244+ (PD-1+/2B4+) expression on Helper cells for CAR+
> 30% %CD279+ CD244+ (of CAR-Tcyto),> 30% CD279+/CD244+ (PD-1+/2B4+) expression on Cytotoxic cells for CAR-
> 30% %CD279+ CD244+ (of CAR-Thelper),> 30% CD279+/CD244+ (PD-1+/2B4+) expression on Helper cells for CAR-
> 30% %CD279+ CD244+ (of CAR+Tcyto),> 30% CD279+/CD244+ (PD-1+/2B4+) expression on Cytotoxic cells for CAR+
> 30% %CD279+ CD244+ (of CAR+Thelper),> 30% CD279+/CD244+ (PD-1+/2B4+) expression on Helper cells for CAR+
